<?xml version="1.0" encoding="UTF-8"?>
<config xmlns="http://www.knime.org/2008/09/XMLConfig" xmlns:xsi="http://www.w3.org/2001/XMLSchema-instance" xsi:schemaLocation="http://www.knime.org/2008/09/XMLConfig http://www.knime.org/XMLConfig_2008_09.xsd" key="MiningSchema">
<config key="learning">
<entry key="array-size" type="xint" value="19"/>
<entry key="0" type="xstring" value="Age"/>
<entry key="1" type="xstring" value="HoursPerWeek"/>
<entry key="2" type="xstring" value="TotalHours"/>
<entry key="3" type="xstring" value="APM"/>
<entry key="4" type="xstring" value="SelectByHotkeys"/>
<entry key="5" type="xstring" value="AssignToHotkeys"/>
<entry key="6" type="xstring" value="UniqueHotkeys"/>
<entry key="7" type="xstring" value="MinimapAttacks"/>
<entry key="8" type="xstring" value="MinimapRightClicks"/>
<entry key="9" type="xstring" value="NumberOfPACs"/>
<entry key="10" type="xstring" value="GapBetweenPACs"/>
<entry key="11" type="xstring" value="ActionLatency"/>
<entry key="12" type="xstring" value="ActionsInPAC"/>
<entry key="13" type="xstring" value="TotalMapExplored"/>
<entry key="14" type="xstring" value="WorkersMade"/>
<entry key="15" type="xstring" value="UniqueUnitsMade"/>
<entry key="16" type="xstring" value="ComplexUnitsMade"/>
<entry key="17" type="xstring" value="ComplexAbilityUsed"/>
<entry key="18" type="xstring" value="MaxTimeStamp"/>
</config>
<config key="target">
<entry key="array-size" type="xint" value="1"/>
<entry key="0" type="xstring" value="LeagueIndex"/>
</config>
</config>
